,0,1
0,丧偶单身,"          0           1    2     3      4  \
64    165cm     鎵х潃1979  38岁  涓у伓鍗曡韩 骞夸笢 娣卞湷  
475   162cm      瀛ょ嫭鍑ゅ嚢  42岁  涓у伓鍗曡韩 骞夸笢 娣卞湷  
523   155cm       不想种玫瑰  47岁  涓у伓鍗曡韩 骞夸笢 涓滆帪  
1040  165cm  浼氬憳10621788 39岁  涓у伓鍗曡韩 骞夸笢 姊呭窞  
1049  165cm  浼氬憳10624919 35岁  涓у伓鍗曡韩 骞夸笢 骞垮窞  
1106  165cm         又一村  59岁  涓у伓鍗曡韩 骞夸笢 娣卞湷  
1155  200cm  浼氬憳10618425 35岁  涓у伓鍗曡韩 骞夸笢 浣涘北  
1157  165cm  浼氬憳10619486 34岁  涓у伓鍗曡韩 骞夸笢 骞垮窞  
1159  165cm  浼氬憳10621920 36岁  涓у伓鍗曡韩 骞夸笢 娣卞湷  
1168  169cm  浼氬憳10592791 33岁  涓у伓鍗曡韩 骞夸笢 骞垮窞  
1204  160cm         Ang  63岁  涓у伓鍗曡韩 骞夸笢 骞垮窞  
1289  165cm         雪之舞  52岁  涓у伓鍗曡韩 骞夸笢 娣卞湷  
1360  166cm      鐩哥埍姘告亽  42岁  涓у伓鍗曡韩 骞夸笢 娣卞湷  
1502  170cm     上帝派来的女孩  31岁  涓у伓鍗曡韩 骞夸笢 娣卞湷  
1847  152cm      一辈子的伴侣  61岁  涓у伓鍗曡韩 骞夸笢 娣卞湷  
2111  162cm         鐐儴  41岁  涓у伓鍗曡韩 骞夸笢 骞垮窞  
2311  163cm        缘——分  49岁  涓у伓鍗曡韩 骞夸笢 骞垮窞  
2431  165cm    Candy灏忓唹  35岁  涓у伓鍗曡韩 骞夸笢 娣卞湷  
2560  158cm      鏅撻潤闃垮Ж  55岁  涓у伓鍗曡韩 骞夸笢 娣卞湷  
2625  158cm       善良的妈妈  58岁  涓у伓鍗曡韩 骞夸笢 骞垮窞  
2800  167cm   suecheung  56岁  涓у伓鍗曡韩 骞夸笢 骞垮窞  
2913  168cm         鏃╁叞  57岁  涓у伓鍗曡韩 骞夸笢 骞垮窞  
2945  161cm         鍐扮噧  56岁  涓у伓鍗曡韩 骞夸笢 鐝犳捣  
3154  163cm   鐖辨湁浣犲氨绮惧僵  34岁  涓у伓鍗曡韩 骞夸笢 娣卞湷  
3292  163cm         鏉庤櫣  58岁  涓у伓鍗曡韩 骞夸笢 娣卞湷  
3311  202cm      鏃犻檺璇辨儜  22岁  涓у伓鍗曡韩 骞夸笢 浣涘北  
3371  161cm         张丽君  54岁  涓у伓鍗曡韩 骞夸笢 姹曞ご  
3390  160cm        .鎱ф収  27岁  涓у伓鍗曡韩 骞夸笢 浣涘北  
3438  161cm         梁嘉敏  29岁  涓у伓鍗曡韩 骞夸笢 鐝犳捣  
3514  170cm   缂樹唤涓嶅啀閬ヨ繙  29岁  涓у伓鍗曡韩 骞夸笢 姹熼棬  
3515  170cm       缘份不遥远  29岁  涓у伓鍗曡韩 骞夸笢 姹熼棬  
3683    1cm        希望开心  50岁  涓у伓鍗曡韩 骞夸笢 骞垮窞  
3772  162cm       澶╂剰TT  67岁  涓у伓鍗曡韩 骞夸笢 婀涙睙  
3794  165cm         大顺顺  60岁  涓у伓鍗曡韩 骞夸笢 鐝犳捣  
4138  161cm         叮香花  46岁  涓у伓鍗曡韩 骞夸笢 娣卞湷  
4760  165cm         闄堥拱  40岁  涓у伓鍗曡韩 骞夸笢 婀涙睙  
4808  155cm      bertha  48岁  涓у伓鍗曡韩 骞夸笢 骞垮窞  
4855  165cm      缇庝附365  59岁  涓у伓鍗曡韩 骞夸笢 娣卞湷  
4994  164cm   瀵绘壘浣犵殑鍑虹幇  44岁  涓у伓鍗曡韩 骞夸笢 骞垮窞  
5235  165cm      闅忓績濡傜紭  40岁  涓у伓鍗曡韩 骞夸笢 娣卞湷  
5305  172cm  mey_flower  57岁  涓у伓鍗曡韩 骞夸笢 骞垮窞  
5447  163cm      666_77  40岁  涓у伓鍗曡韩 骞夸笢 涓滆帪  
5524  163cm       鑺冲効28  36岁  涓у伓鍗曡韩 骞夸笢 闃虫睙  
5817  165cm      娓呰繙瀹濊礉  35岁  涓у伓鍗曡韩 骞夸笢 娓呰繙  

                                                      5  \
64    http://www.hongniang.com/data/upload/photo/201...   
475    http://www.hongniang.com/public/images/woman.jpg   
523    http://www.hongniang.com/public/images/woman.jpg   
1040   http://www.hongniang.com/public/images/woman.jpg   
1049   http://www.hongniang.com/public/images/woman.jpg   
1106   http://www.hongniang.com/public/images/woman.jpg   
1155   http://www.hongniang.com/public/images/woman.jpg   
1157   http://www.hongniang.com/public/images/woman.jpg   
1159   http://www.hongniang.com/public/images/woman.jpg   
1168   http://www.hongniang.com/public/images/woman.jpg   
1204   http://www.hongniang.com/public/images/woman.jpg   
1289  http://www.hongniang.com/data/upload/photo/201...   
1360   http://www.hongniang.com/public/images/woman.jpg   
1502   http://www.hongniang.com/public/images/woman.jpg   
1847   http://www.hongniang.com/public/images/woman.jpg   
2111   http://www.hongniang.com/public/images/woman.jpg   
2311   http://www.hongniang.com/public/images/woman.jpg   
2431   http://www.hongniang.com/public/images/woman.jpg   
2560   http://www.hongniang.com/public/images/woman.jpg   
2625   http://www.hongniang.com/public/images/woman.jpg   
2800  http://www.hongniang.com/data/upload/photo/24/...   
2913   http://www.hongniang.com/public/images/woman.jpg   
2945   http://www.hongniang.com/public/images/woman.jpg   
3154   http://www.hongniang.com/public/images/woman.jpg   
3292   http://www.hongniang.com/public/images/woman.jpg   
3311   http://www.hongniang.com/public/images/woman.jpg   
3371   http://www.hongniang.com/public/images/woman.jpg   
3390   http://www.hongniang.com/public/images/woman.jpg   
3438   http://www.hongniang.com/public/images/woman.jpg   
3514   http://www.hongniang.com/public/images/woman.jpg   
3515   http://www.hongniang.com/public/images/woman.jpg   
3683   http://www.hongniang.com/public/images/woman.jpg   
3772   http://www.hongniang.com/public/images/woman.jpg   
3794   http://www.hongniang.com/public/images/woman.jpg   
4138   http://www.hongniang.com/public/images/woman.jpg   
4760   http://www.hongniang.com/public/images/woman.jpg   
4808   http://www.hongniang.com/public/images/woman.jpg   
4855  http://www.hongniang.com/data/upload/photo/25/...   
4994  http://www.hongniang.com/data/upload/photo/23/...   
5235  http://www.hongniang.com/data/upload/photo/201...   
5305   http://www.hongniang.com/public/images/woman.jpg   
5447   http://www.hongniang.com/public/images/woman.jpg   
5524  http://www.hongniang.com/data/upload/photo/11/...   
5817   http://www.hongniang.com/public/images/woman.jpg   

                             6  
64    /user/member/id/10508389  
475     /user/member/id/303414  
523     /user/member/id/305423  
1040  /user/member/id/10621788  
1049  /user/member/id/10624919  
1106    /user/member/id/253263  
1155  /user/member/id/10618425  
1157  /user/member/id/10619486  
1159  /user/member/id/10621920  
1168  /user/member/id/10592791  
1204    /user/member/id/231380  
1289    /user/member/id/290087  
1360    /user/member/id/300921  
1502    /user/member/id/283554  
1847    /user/member/id/250609  
2111    /user/member/id/201046  
2311    /user/member/id/278889  
2431    /user/member/id/288194  
2560    /user/member/id/272778  
2625    /user/member/id/214448  
2800    /user/member/id/246941  
2913    /user/member/id/232951  
2945    /user/member/id/298577  
3154    /user/member/id/282055  
3292    /user/member/id/256872  
3311    /user/member/id/267650  
3371    /user/member/id/263257  
3390    /user/member/id/237812  
3438    /user/member/id/236173  
3514    /user/member/id/251039  
3515    /user/member/id/251040  
3683    /user/member/id/196282  
3772    /user/member/id/221740  
3794    /user/member/id/174681  
4138    /user/member/id/146625  
4760     /user/member/id/71031  
4808    /user/member/id/248842  
4855    /user/member/id/253264  
4994    /user/member/id/230990  
5235    /user/member/id/269807  
5305    /user/member/id/151120  
5447    /user/member/id/122986  
5524    /user/member/id/115561  
5817     /user/member/id/96866  "
1,丧偶带孩子,"          0           1    2      3      4  \
164   167cm   褰煎哺鑺辩殑鏌犳  34岁  丧偶带孩子  骞夸笢 娣卞湷  
502   159cm      XL1976  41岁  丧偶带孩子  骞夸笢 骞垮窞  
1058  160cm  浼氬憳10626263 42岁  丧偶带孩子  骞夸笢 鐝犳捣  
1137  155cm  浼氬憳10576690 42岁  丧偶带孩子  骞夸笢 婀涙睙  
1139  164cm  浼氬憳10576995 34岁  丧偶带孩子  骞夸笢 骞垮窞  
1141  165cm  浼氬憳10607399 35岁  丧偶带孩子  骞夸笢 婀涙睙  
1142  165cm  浼氬憳10607421 29岁  丧偶带孩子  骞夸笢 娣卞湷  
1147  165cm  浼氬憳10612906 34岁  丧偶带孩子  骞夸笢 骞垮窞  
1173  165cm  浼氬憳10605977 29岁  丧偶带孩子  骞夸笢 娣卞湷  
1314  165cm  浼氬憳10635226 30岁  丧偶带孩子  骞夸笢 骞垮窞  
1389  168cm         李能超  28岁  丧偶带孩子  骞夸笢 骞垮窞  
1393  168cm      娉曞浗甯呭摜  32岁  丧偶带孩子  骞夸笢 涓滆帪  
1767  156cm      lily26  48岁  丧偶带孩子  骞夸笢 骞垮窞  
1804  156cm      钀嶉殢蹇冨姩  46岁  丧偶带孩子  骞夸笢 娣卞湷  
1862  165cm       柔柔的冷雨  44岁  丧偶带孩子  骞夸笢 骞垮窞  
1971  164cm     san cai  74岁  丧偶带孩子  骞夸笢 骞垮窞  
1972  164cm   haotaitai  67岁  丧偶带孩子  骞夸笢 骞垮窞  
2020  162cm     dekfuij  44岁  丧偶带孩子  骞夸笢 娣卞湷  
2229  160cm     等待爱的那一天  42岁  丧偶带孩子  骞夸笢 涓滆帪  
2236  160cm         ety  60岁  丧偶带孩子  骞夸笢 骞垮窞  
2272  165cm       小杂碎的妈  37岁  丧偶带孩子  骞夸笢 涓滆帪  
2358  163cm      鍧氬己鑳屽悗  38岁  丧偶带孩子  骞夸笢 娣卞湷  
2377  158cm      閱夐唹娓呴  42岁  丧偶带孩子  骞夸笢 娣卞湷  
2425  153cm         大鸿雁  53岁  丧偶带孩子  骞夸笢 骞垮窞  
2488  162cm       笨女人清心  45岁  丧偶带孩子  骞夸笢 骞垮窞  
2617  162cm       xwpr8  61岁  丧偶带孩子  骞夸笢 涓滆帪  
2697  155cm      鍑′汉淇湡  56岁  丧偶带孩子  骞夸笢 娣卞湷  
2883  158cm       1_瀹侀潤  51岁  丧偶带孩子  骞夸笢 涓北  
2979  162cm      鏈潵鐨勫  42岁  丧偶带孩子  骞夸笢 骞垮窞  
3103  158cm  浼氬憳10529584 29岁  丧偶带孩子  骞夸笢 姊呭窞  
...     ...         ...  ...    ...    ...   
4399  160cm         苹果恋  40岁  丧偶带孩子  骞夸笢 涓滆帪  
4427  162cm       南方的燕子  47岁  丧偶带孩子  骞夸笢 骞垮窞  
4429  158cm      Silvia  52岁  丧偶带孩子  骞夸笢 涓北  
4469  162cm      鐜懓渚濇棫  48岁  丧偶带孩子  骞夸笢 娣卞湷  
4708  155cm     你会珍惜我吗？  55岁  丧偶带孩子  骞夸笢 浣涘北  
4782  165cm       我想，有家  43岁  丧偶带孩子  骞夸笢 骞垮窞  
4841  164cm      鎴戝績鐤叉儷  44岁  丧偶带孩子  骞夸笢 骞垮窞  
4843  160cm        亲亲。。  46岁  丧偶带孩子  骞夸笢 涓北  
4890  158cm   gzpiaoxue  55岁  丧偶带孩子  骞夸笢 骞垮窞  
4937  162cm       天使。。。  45岁  丧偶带孩子  骞夸笢 涓北  
4944  163cm   瀵绘壘鐭ュ績鐨勪綘  42岁  丧偶带孩子  骞夸笢 骞垮窞  
4966  161cm         风筝线  44岁  丧偶带孩子  骞夸笢 娣卞湷  
5079  161cm        鐖辨儏3  46岁  丧偶带孩子  骞夸笢 涓北  
5081  160cm       君子兰~花  49岁  丧偶带孩子  骞夸笢 骞垮窞  
5093  161cm   鍐版竻鐜夋磥姘存櫠  42岁  丧偶带孩子  骞夸笢 骞垮窞  
5141  162cm      鎯冲康骞哥  42岁  丧偶带孩子  骞夸笢 涓滆帪  
5170  160cm     xin2011  41岁  丧偶带孩子  骞夸笢 骞垮窞  
5240  160cm         荷叶叶  48岁  丧偶带孩子  骞夸笢 鎯犲窞  
5298  163cm     缇庝附.浜虹敓  42岁  丧偶带孩子  骞夸笢 娌虫簮  
5404  163cm      鎯呮劅澶╀娇  46岁  丧偶带孩子  骞夸笢 涓北  
5457  160cm         鑻ヨ惐  33岁  丧偶带孩子  骞夸笢 骞垮窞  
5460  165cm         璇楁剰  60岁  丧偶带孩子  骞夸笢 娣卞湷  
5461  162cm      蹇冪伒瀵勬墭  44岁  丧偶带孩子  骞夸笢 娣卞湷  
5463  165cm         小小洪  46岁  丧偶带孩子  骞夸笢 娣卞湷  
5496  173cm      璇濆拰浣犺  56岁  丧偶带孩子  骞夸笢 骞垮窞  
5499  167cm         闄岀劧  42岁  丧偶带孩子  骞夸笢 涓滆帪  
5501  165cm     遇见你1975  42岁  丧偶带孩子  骞夸笢 涓滆帪  
5558  158cm         浜屽  44岁  丧偶带孩子  骞夸笢 娣卞湷  
5578  165cm      褰辨湀鐩搁殢  43岁  丧偶带孩子  骞夸笢 涓北  
5622  165cm       qiren  58岁  丧偶带孩子  骞夸笢 娣卞湷  

                                                      5  \
164   http://www.hongniang.com/data/upload/photo/201...   
502    http://www.hongniang.com/public/images/woman.jpg   
1058   http://www.hongniang.com/public/images/woman.jpg   
1137   http://www.hongniang.com/public/images/woman.jpg   
1139   http://www.hongniang.com/public/images/woman.jpg   
1141   http://www.hongniang.com/public/images/woman.jpg   
1142   http://www.hongniang.com/public/images/woman.jpg   
1147   http://www.hongniang.com/public/images/woman.jpg   
1173   http://www.hongniang.com/public/images/woman.jpg   
1314   http://www.hongniang.com/public/images/woman.jpg   
1389   http://www.hongniang.com/public/images/woman.jpg   
1393   http://www.hongniang.com/public/images/woman.jpg   
1767   http://www.hongniang.com/public/images/woman.jpg   
1804   http://www.hongniang.com/public/images/woman.jpg   
1862   http://www.hongniang.com/public/images/woman.jpg   
1971   http://www.hongniang.com/public/images/woman.jpg   
1972   http://www.hongniang.com/public/images/woman.jpg   
2020  http://www.hongniang.com/data/upload/photo/12/...   
2229  http://www.hongniang.com/data/upload/photo/201...   
2236   http://www.hongniang.com/public/images/woman.jpg   
2272   http://www.hongniang.com/public/images/woman.jpg   
2358   http://www.hongniang.com/public/images/woman.jpg   
2377   http://www.hongniang.com/public/images/woman.jpg   
2425   http://www.hongniang.com/public/images/woman.jpg   
2488   http://www.hongniang.com/public/images/woman.jpg   
2617   http://www.hongniang.com/public/images/woman.jpg   
2697   http://www.hongniang.com/public/images/woman.jpg   
2883   http://www.hongniang.com/public/images/woman.jpg   
2979  http://www.hongniang.com/data/upload/photo/201...   
3103   http://www.hongniang.com/public/images/woman.jpg   
...                                                 ...   
4399   http://www.hongniang.com/public/images/woman.jpg   
4427   http://www.hongniang.com/public/images/woman.jpg   
4429   http://www.hongniang.com/public/images/woman.jpg   
4469   http://www.hongniang.com/public/images/woman.jpg   
4708   http://www.hongniang.com/public/images/woman.jpg   
4782   http://www.hongniang.com/public/images/woman.jpg   
4841   http://www.hongniang.com/public/images/woman.jpg   
4843  http://www.hongniang.com/data/upload/photo/24/...   
4890   http://www.hongniang.com/public/images/woman.jpg   
4937  http://www.hongniang.com/data/upload/photo/22/...   
4944   http://www.hongniang.com/public/images/woman.jpg   
4966   http://www.hongniang.com/public/images/woman.jpg   
5079  http://www.hongniang.com/data/upload/photo/20/...   
5081   http://www.hongniang.com/public/images/woman.jpg   
5093   http://www.hongniang.com/public/images/woman.jpg   
5141   http://www.hongniang.com/public/images/woman.jpg   
5170  http://www.hongniang.com/data/upload/photo/20/...   
5240   http://www.hongniang.com/public/images/woman.jpg   
5298  http://www.hongniang.com/data/upload/photo/15/...   
5404   http://www.hongniang.com/public/images/woman.jpg   
5457   http://www.hongniang.com/public/images/woman.jpg   
5460  http://www.hongniang.com/data/upload/photo/12/...   
5461  http://www.hongniang.com/data/upload/photo/12/...   
5463   http://www.hongniang.com/public/images/woman.jpg   
5496   http://www.hongniang.com/public/images/woman.jpg   
5499   http://www.hongniang.com/public/images/woman.jpg   
5501   http://www.hongniang.com/public/images/woman.jpg   
5558   http://www.hongniang.com/public/images/woman.jpg   
5578  http://www.hongniang.com/data/upload/photo/12/...   
5622  http://www.hongniang.com/data/upload/photo/10/...   

                             6  
164     /user/member/id/304822  
502     /user/member/id/308181  
1058  /user/member/id/10626263  
1137  /user/member/id/10576690  
1139  /user/member/id/10576995  
1141  /user/member/id/10607399  
1142  /user/member/id/10607421  
1147  /user/member/id/10612906  
1173  /user/member/id/10605977  
1314  /user/member/id/10635226  
1389  /user/member/id/10652815  
1393  /user/member/id/10654971  
1767    /user/member/id/207308  
1804    /user/member/id/236709  
1862    /user/member/id/189431  
1971     /user/member/id/94378  
1972     /user/member/id/95533  
2020    /user/member/id/124490  
2229    /user/member/id/283870  
2236    /user/member/id/284589  
2272    /user/member/id/293075  
2358    /user/member/id/277247  
2377    /user/member/id/269436  
2425    /user/member/id/281645  
2488    /user/member/id/257807  
2617    /user/member/id/212336  
2697    /user/member/id/192654  
2883    /user/member/id/300629  
2979    /user/member/id/296390  
3103  /user/member/id/10529584  
...                        ...  
4399    /user/member/id/108839  
4427    /user/member/id/117627  
4429    /user/member/id/117821  
4469     /user/member/id/89668  
4708    /user/member/id/271656  
4782    /user/member/id/257551  
4841    /user/member/id/247398  
4843    /user/member/id/247462  
4890    /user/member/id/233219  
4937    /user/member/id/228802  
4944    /user/member/id/229579  
4966    /user/member/id/222384  
5079    /user/member/id/200705  
5081    /user/member/id/200979  
5093    /user/member/id/206647  
5141    /user/member/id/197547  
5170    /user/member/id/202171  
5240    /user/member/id/270432  
5298    /user/member/id/150426  
5404    /user/member/id/167068  
5457    /user/member/id/125975  
5460    /user/member/id/127154  
5461    /user/member/id/127389  
5463    /user/member/id/127829  
5496    /user/member/id/142235  
5499    /user/member/id/142653  
5501    /user/member/id/143401  
5558    /user/member/id/100162  
5578    /user/member/id/120305  
5622    /user/member/id/102450  

[88 rows x 7 columns]"
2,保密,"          0           1    2   3      4  \
476   164cm     小晴晴5200  30岁  淇濆瘑 骞夸笢 骞垮窞  
481   162cm       Wency  30岁  淇濆瘑 骞夸笢 娣卞湷  
981   162cm   鏆ф槯銆呯粓鎵夸激  30岁  淇濆瘑 骞夸笢 浣涘北  
998   158cm      鐖辩殑鑹烘湳  33岁  淇濆瘑 骞夸笢 娣卞湷  
1180  167cm     jenny33  38岁  淇濆瘑 骞夸笢 涓滆帪  
1181  158cm         鏁忔偀  29岁  淇濆瘑 骞夸笢 婀涙睙  
1183  153cm         尤巧儿  27岁  淇濆瘑 骞夸笢 骞垮窞  
1187  165cm      绫冲叞澶╃┖  36岁  淇濆瘑 骞夸笢 闊跺叧  
1198  163cm      鑻ユ剼浠婄敓  36岁  淇濆瘑 骞夸笢 骞垮窞  
1200  155cm         閬犺  28岁  淇濆瘑 骞夸笢 涓北  
1205    1cm         甯呭  49岁  淇濆瘑 骞夸笢 鎯犲窞  
1206  156cm   hly123456  27岁  淇濆瘑 骞夸笢 涓滆帪  
1211  161cm   鎯虫湁瀹剁殑濂冲  27岁  淇濆瘑 骞夸笢 骞垮窞  
1212  158cm      姹熷崡绾㈡  48岁  淇濆瘑 骞夸笢 娣卞湷  
1213  161cm       ★无◎语★  39岁  淇濆瘑 骞夸笢 浣涘北  
1215  154cm         澶忚澏  27岁  淇濆瘑 骞夸笢 浣涘北  
1216  165cm   jieer1983  34岁  淇濆瘑 骞夸笢 娣卞湷  
1220  160cm         钃濈惇  28岁  淇濆瘑 骞夸笢 娣卞湷  
1221  165cm      鏃跺厜濡傛矙  39岁  淇濆瘑 骞夸笢 鐝犳捣  
1223  161cm      灏忕値瀹濊礉  28岁  淇濆瘑 骞夸笢 娣卞湷  
1224  160cm         木洛朵  27岁  淇濆瘑 骞夸笢 浣涘北  
1227  160cm    Chrinco兜  28岁  淇濆瘑 骞夸笢 骞垮窞  
1228  162cm       枫中的红叶  47岁  淇濆瘑 骞夸笢 骞垮窞  
1229  160cm      一只慵懒的猫  32岁  淇濆瘑 骞夸笢 娣卞湷  
1231  159cm         内份爱  33岁  淇濆瘑 骞夸笢 涓滆帪  
1233  162cm      guyu28  34岁  淇濆瘑 骞夸笢 娣卞湷  
1235  156cm        多拉A梦  28岁  淇濆瘑 骞夸笢 骞垮窞  
1236  165cm         张汉阳  33岁  淇濆瘑 骞夸笢 娣卞湷  
1241  161cm         多来咪  41岁  淇濆瘑 骞夸笢 鑲囧簡  
1242  164cm         绫崇尗  28岁  淇濆瘑 骞夸笢 骞垮窞  
...     ...        ...   ...  ..    ...   
2776  162cm         狐妹妹  27岁  淇濆瘑 骞夸笢 骞垮窞  
2826  158cm       断翅蝴蝶飞  31岁  淇濆瘑 骞夸笢 浣涘北  
2827  163cm   ...杩樺瑨缁х画  28岁  淇濆瘑 骞夸笢 骞垮窞  
2829  162cm         林妙洁  28岁  淇濆瘑 骞夸笢 姹曞ご  
2831  158cm       拥有一份爱  31岁  淇濆瘑 骞夸笢 娣卞湷  
2833  155cm      寰箮鍏跺井  39岁  淇濆瘑 骞夸笢 姊呭窞  
2835  164cm       人生的意外  29岁  淇濆瘑 骞夸笢 娣卞湷  
2836  159cm         闈撳  44岁  淇濆瘑 骞夸笢 骞垮窞  
2837  163cm       單眼皮的魚  32岁  淇濆瘑 骞夸笢 浣涘北  
2839  160cm       lilly  30岁  淇濆瘑 骞夸笢 骞垮窞  
2840  155cm         濡归牠  30岁  淇濆瘑 骞夸笢 涓滆帪  
2841  155cm         濡瑰ご  30岁  淇濆瘑 骞夸笢 涓滆帪  
2842  160cm         小糊涂  29岁  淇濆瘑 骞夸笢 鎯犲窞  
2845  166cm         罗紫宁  35岁  淇濆瘑 骞夸笢 骞垮窞  
2848  173cm         澶╁康  31岁  淇濆瘑 骞夸笢 娣卞湷  
2849  165cm         闆繛  28岁  淇濆瘑 骞夸笢 涓滆帪  
2850  160cm      灏樼紭鑻ユⅵ  34岁  淇濆瘑 骞夸笢 娣卞湷  
2851  162cm         鑺コ  30岁  淇濆瘑 骞夸笢 涓北  
2852  168cm         灏愮帀  32岁  淇濆瘑 骞夸笢 姹熼棬  
2853  157cm       hilly  33岁  淇濆瘑 骞夸笢 骞垮窞  
2856  163cm         陈文敏  27岁  淇濆瘑 骞夸笢 娼窞  
2857  153cm         缈庡厫  32岁  淇濆瘑 骞夸笢 浣涘北  
2858  155cm    浠巓瑷玜gain  30岁  淇濆瘑 骞夸笢 鎯犲窞  
2860  160cm         棣ㄦ枃  48岁  淇濆瘑 骞夸笢 娣卞湷  
2861  163cm        瀹爅ie  28岁  淇濆瘑 骞夸笢 浣涘北  
2863  163cm     Martin.  27岁  淇濆瘑 骞夸笢 浣涘北  
2865  160cm         闄堢悍  28岁  淇濆瘑 骞夸笢 骞垮窞  
2911    1cm     miss銆丠E  27岁  淇濆瘑 骞夸笢 娣卞湷  
2920    1cm       找优秀的你  30岁  淇濆瘑 骞夸笢 涓滆帪  
4616  160cm         鐏电惓  41岁  淇濆瘑 骞夸笢 骞垮窞  

                                                      5  \
476    http://www.hongniang.com/public/images/woman.jpg   
481   http://www.hongniang.com/data/upload/photo/201...   
981    http://www.hongniang.com/public/images/woman.jpg   
998    http://www.hongniang.com/public/images/woman.jpg   
1180   http://www.hongniang.com/public/images/woman.jpg   
1181   http://www.hongniang.com/public/images/woman.jpg   
1183   http://www.hongniang.com/public/images/woman.jpg   
1187   http://www.hongniang.com/public/images/woman.jpg   
1198   http://www.hongniang.com/public/images/woman.jpg   
1200   http://www.hongniang.com/public/images/woman.jpg   
1205   http://www.hongniang.com/public/images/woman.jpg   
1206   http://www.hongniang.com/public/images/woman.jpg   
1211  http://www.hongniang.com/data/upload/photo/23/...   
1212   http://www.hongniang.com/public/images/woman.jpg   
1213   http://www.hongniang.com/public/images/woman.jpg   
1215   http://www.hongniang.com/public/images/woman.jpg   
1216   http://www.hongniang.com/public/images/woman.jpg   
1220   http://www.hongniang.com/public/images/woman.jpg   
1221   http://www.hongniang.com/public/images/woman.jpg   
1223   http://www.hongniang.com/public/images/woman.jpg   
1224  http://www.hongniang.com/data/upload/photo/20/...   
1227   http://www.hongniang.com/public/images/woman.jpg   
1228  http://www.hongniang.com/data/upload/photo/20/...   
1229   http://www.hongniang.com/public/images/woman.jpg   
1231  http://www.hongniang.com/data/upload/photo/20/...   
1233   http://www.hongniang.com/public/images/woman.jpg   
1235   http://www.hongniang.com/public/images/woman.jpg   
1236   http://www.hongniang.com/public/images/woman.jpg   
1241   http://www.hongniang.com/public/images/woman.jpg   
1242   http://www.hongniang.com/public/images/woman.jpg   
...                                                 ...   
2776   http://www.hongniang.com/public/images/woman.jpg   
2826   http://www.hongniang.com/public/images/woman.jpg   
2827   http://www.hongniang.com/public/images/woman.jpg   
2829   http://www.hongniang.com/public/images/woman.jpg   
2831   http://www.hongniang.com/public/images/woman.jpg   
2833   http://www.hongniang.com/public/images/woman.jpg   
2835   http://www.hongniang.com/public/images/woman.jpg   
2836   http://www.hongniang.com/public/images/woman.jpg   
2837   http://www.hongniang.com/public/images/woman.jpg   
2839   http://www.hongniang.com/public/images/woman.jpg   
2840   http://www.hongniang.com/public/images/woman.jpg   
2841   http://www.hongniang.com/public/images/woman.jpg   
2842   http://www.hongniang.com/public/images/woman.jpg   
2845   http://www.hongniang.com/public/images/woman.jpg   
2848   http://www.hongniang.com/public/images/woman.jpg   
2849  http://www.hongniang.com/data/upload/photo/13/...   
2850   http://www.hongniang.com/public/images/woman.jpg   
2851   http://www.hongniang.com/public/images/woman.jpg   
2852  http://www.hongniang.com/data/upload/photo/13/...   
2853   http://www.hongniang.com/public/images/woman.jpg   
2856   http://www.hongniang.com/public/images/woman.jpg   
2857   http://www.hongniang.com/public/images/woman.jpg   
2858   http://www.hongniang.com/public/images/woman.jpg   
2860   http://www.hongniang.com/public/images/woman.jpg   
2861   http://www.hongniang.com/public/images/woman.jpg   
2863   http://www.hongniang.com/public/images/woman.jpg   
2865   http://www.hongniang.com/public/images/woman.jpg   
2911   http://www.hongniang.com/public/images/woman.jpg   
2920   http://www.hongniang.com/public/images/woman.jpg   
4616  http://www.hongniang.com/data/upload/photo/67/...   

                           6  
476   /user/member/id/303365  
481   /user/member/id/302589  
981   /user/member/id/225759  
998   /user/member/id/229893  
1180  /user/member/id/253333  
1181  /user/member/id/254799  
1183  /user/member/id/256801  
1187  /user/member/id/258075  
1198  /user/member/id/285261  
1200  /user/member/id/228756  
1205  /user/member/id/231423  
1206  /user/member/id/234607  
1211  /user/member/id/239746  
1212  /user/member/id/240931  
1213  /user/member/id/241891  
1215  /user/member/id/248289  
1216  /user/member/id/248344  
1220  /user/member/id/194600  
1221  /user/member/id/195045  
1223  /user/member/id/200730  
1224  /user/member/id/202040  
1227  /user/member/id/204823  
1228  /user/member/id/206955  
1229  /user/member/id/207052  
1231  /user/member/id/209376  
1233  /user/member/id/213463  
1235  /user/member/id/218821  
1236  /user/member/id/222885  
1241  /user/member/id/196636  
1242  /user/member/id/197261  
...                      ...  
2776  /user/member/id/203470  
2826  /user/member/id/162035  
2827  /user/member/id/162196  
2829  /user/member/id/165687  
2831  /user/member/id/167875  
2833  /user/member/id/168702  
2835  /user/member/id/171388  
2836  /user/member/id/171837  
2837  /user/member/id/172541  
2839  /user/member/id/172763  
2840  /user/member/id/174144  
2841  /user/member/id/177041  
2842  /user/member/id/177604  
2845  /user/member/id/181420  
2848  /user/member/id/137876  
2849  /user/member/id/139418  
2850  /user/member/id/139596  
2851  /user/member/id/139766  
2852  /user/member/id/139946  
2853  /user/member/id/140317  
2856  /user/member/id/141509  
2857  /user/member/id/142041  
2858  /user/member/id/142301  
2860  /user/member/id/143651  
2861  /user/member/id/145271  
2863  /user/member/id/148139  
2865  /user/member/id/150349  
2911  /user/member/id/232241  
2920  /user/member/id/233847  
4616   /user/member/id/67738  

[266 rows x 7 columns]"
3,未婚,"          0                1    2   3           4  \
1     159cm      浼氬憳10669921  30岁  鏈    骞夸笢 娣卞湷   
2     163cm          winnie。  26岁  鏈    骞夸笢 娣卞湷   
4     163cm           嫣然一笑而过  30岁  鏈    骞夸笢 娣卞湷   
8     161cm        钂插叕鑻辩殑绛夊緟  24岁  鏈 骞夸笢 鐪佺洿杈栧競/鍘跨骇  
9     166cm      寰俊icac-890  28岁  鏈    骞夸笢 娣卞湷   
11    165cm           灞辫タ鐝犵彔  30岁  鏈    骞夸笢 娣卞湷   
12      NaN           琛ㄥ鏉ヤ簡  28岁  鏈 骞夸笢 鐪佺洿杈栧競/鍘跨骇  
13    170cm              石小浪  19岁  鏈    骞夸笢 鐝犳捣   
14    160cm             缘来是倪  24岁  鏈 骞夸笢 鐪佺洿杈栧競/鍘跨骇  
15    160cm              娆ｈ姰  26岁  鏈    骞夸笢 娓呰繙   
16    160cm              张不二  24岁  鏈    骞夸笢 娣卞湷   
17    162cm      浼氬憳10589442  24岁  鏈    骞夸笢 娣卞湷   
18    168cm           澶忔湯寰噳  28岁  鏈    骞夸笢 骞垮窞   
20    159cm              渚濈劧  31岁  鏈    骞夸笢 骞垮窞   
21    164cm              鏈ㄥご  23岁  鏈    骞夸笢 骞垮窞   
22    165cm           鍕垮繕蹇冨畨  27岁  鏈    骞夸笢 娣卞湷   
23    163cm       鐪熺埍姘歌繙1314  25岁  鏈    骞夸笢 娣卞湷   
24    165cm            鍑夌櫧oc  27岁  鏈    骞夸笢 骞垮窞   
25    165cm          鐩哥埍1314  25岁  鏈    骞夸笢 娣卞湷   
26    168cm          Aimee_怡  23岁  鏈    骞夸笢 骞垮窞   
28    163cm            鏈芥ⅵ22  25岁  鏈    骞夸笢 骞垮窞   
29    163cm              忆红颜  27岁  鏈    骞夸笢 鎯犲窞   
30    163cm              李颖子  34岁  鏈    骞夸笢 涓北   
31    169cm         南方的燕子715  34岁  鏈    骞夸笢 娣卞湷   
32    164cm      浼氬憳10636633  27岁  鏈    骞夸笢 闊跺叧   
33    168cm            悦yue儿  24岁  鏈    骞夸笢 骞垮窞   
34    161cm              空百鸽  26岁  鏈    骞夸笢 婀涙睙   
35    168cm              鏉庢洣  34岁  鏈    骞夸笢 骞垮窞   
36    164cm               a颖  34岁  鏈    骞夸笢 涓北   
37    168cm          娣￠泤娓呰尪A  43岁  鏈    骞夸笢 骞垮窞   
...     ...            ...    ...  ..       ...     
9950  156cm              鑾硅幑  33岁  鏈    骞夸笢 鎯犲窞   
9951  157cm           钃濊壊澶╃┖  35岁  鏈    骞夸笢 鎯犲窞   
9952  158cm              鍒樻枃  31岁  鏈    骞夸笢 鎯犲窞   
9953  155cm        椋庨洦鍚庣殑褰╄櫣  31岁  鏈    骞夸笢 鎯犲窞   
9954  155cm              鏅剁惇  41岁  鏈    骞夸笢 鎯犲窞   
9955  151cm           骞歌繍鑺宠姮  42岁  鏈    骞夸笢 鎯犲窞   
9956  165cm           闈欏緟缂樻潵  31岁  鏈    骞夸笢 鎯犲窞   
9957  162cm          Dolores  27岁  鏈    骞夸笢 鎯犲窞   
9958  158cm              绌虹櫧  33岁  鏈    骞夸笢 鎯犲窞   
9959  160cm              瀵跺厭  39岁  鏈    骞夸笢 鎯犲窞   
9960  158cm           绱犵罕娴ｅ僵  36岁  鏈     广东 市辖区   
9961  165cm              鍚栦簯  28岁  鏈    骞夸笢 姹曞ご   
9962   47cm              薰衣草  28岁  鏈    骞夸笢 姹曞ご   
9963  154cm              灏忛叿  27岁  鏈     广东 市辖区   
9964  158cm              悠悠魔  26岁  鏈     广东 市辖区   
9965  158cm              灏忛奔  28岁  鏈    骞夸笢 姹曞ご   
9966  165cm             C姊︽ⅵ  29岁  鏈    骞夸笢 骞垮窞   
9968  168cm      18776177355  23岁  鏈    骞夸笢 骞垮窞   
9969  168cm           璧靛┃濠у┃  32岁  鏈    骞夸笢 骞垮窞   
9970    NaN            华丽的紫荆  39岁  鏈    骞夸笢 骞垮窞   
9972  165cm            清水壹悠悠  33岁  鏈    骞夸笢 娣卞湷   
9973  165cm              鏈畾  30岁  鏈    骞夸笢 娣卞湷   
9974  163cm        椋庤姳闆湀888  27岁  鏈    骞夸笢 骞垮窞   
9975  161cm              倩倩呀  28岁  鏈    骞夸笢 涓滆帪   
9976  168cm             濡嶉Θi  29岁  鏈    骞夸笢 骞垮窞   
9978  168cm  vanish without   32岁  鏈    骞夸笢 娣卞湷   
9979  167cm               L.  24岁  鏈    骞夸笢 骞垮窞   
9982  159cm              妯辨  26岁  鏈       骞夸笢    
9984  158cm              爱到底  26岁  鏈    骞夸笢 娣卞湷   
9985  165cm              寮犻潤  29岁  鏈    骞夸笢 鐝犳捣   

                                                      5  \
1      http://www.hongniang.com/public/images/woman.jpg   
2     http://www.hongniang.com/data/upload/photo/201...   
4     http://www.hongniang.com/data/upload/photo/201...   
8     http://www.hongniang.com/data/upload/photo/201...   
9     http://www.hongniang.com/data/upload/photo/201...   
11    http://www.hongniang.com/data/upload/photo/201...   
12    http://www.hongniang.com/data/upload/photo/201...   
13    http://www.hongniang.com/data/upload/photo/201...   
14    http://www.hongniang.com/data/upload/photo/201...   
15    http://www.hongniang.com/data/upload/photo/201...   
16    http://www.hongniang.com/data/upload/photo/201...   
17    http://www.hongniang.com/data/upload/photo/201...   
18    http://www.hongniang.com/data/upload/photo/201...   
20    http://www.hongniang.com/data/upload/photo/201...   
21    http://www.hongniang.com/data/upload/photo/201...   
22    http://www.hongniang.com/data/upload/photo/201...   
23    http://www.hongniang.com/data/upload/photo/201...   
24    http://www.hongniang.com/data/upload/photo/201...   
25    http://www.hongniang.com/data/upload/photo/201...   
26    http://www.hongniang.com/data/upload/photo/201...   
28    http://www.hongniang.com/data/upload/photo/201...   
29    http://www.hongniang.com/data/upload/photo/201...   
30    http://www.hongniang.com/data/upload/photo/201...   
31    http://www.hongniang.com/data/upload/photo/201...   
32    http://www.hongniang.com/data/upload/photo/201...   
33    http://www.hongniang.com/data/upload/photo/201...   
34    http://www.hongniang.com/data/upload/photo/201...   
35    http://www.hongniang.com/data/upload/photo/201...   
36    http://www.hongniang.com/data/upload/photo/201...   
37    http://www.hongniang.com/data/upload/photo/201...   
...                                                 ...   
9950  http://www.hongniang.com/data/upload/photo/201...   
9951  http://www.hongniang.com/data/upload/photo/201...   
9952  http://www.hongniang.com/data/upload/photo/201...   
9953  http://www.hongniang.com/data/upload/photo/201...   
9954  http://www.hongniang.com/data/upload/photo/201...   
9955  http://www.hongniang.com/data/upload/photo/201...   
9956  http://www.hongniang.com/data/upload/photo/201...   
9957  http://www.hongniang.com/data/upload/photo/201...   
9958  http://www.hongniang.com/data/upload/photo/201...   
9959  http://www.hongniang.com/data/upload/photo/201...   
9960  http://www.hongniang.com/data/upload/photo/201...   
9961  http://www.hongniang.com/data/upload/photo/201...   
9962  http://www.hongniang.com/data/upload/photo/201...   
9963  http://www.hongniang.com/data/upload/photo/201...   
9964  http://www.hongniang.com/data/upload/photo/201...   
9965  http://www.hongniang.com/data/upload/photo/201...   
9966   http://www.hongniang.com/public/images/woman.jpg   
9968  http://www.hongniang.com/data/upload/photo/201...   
9969  http://www.hongniang.com/data/upload/photo/201...   
9970  http://www.hongniang.com/data/upload/photo/201...   
9972  http://www.hongniang.com/data/upload/photo/201...   
9973  http://www.hongniang.com/data/upload/photo/201...   
9974  http://www.hongniang.com/data/upload/photo/201...   
9975  http://www.hongniang.com/data/upload/photo/201...   
9976  http://www.hongniang.com/data/upload/photo/201...   
9978  http://www.hongniang.com/data/upload/photo/201...   
9979  http://www.hongniang.com/data/upload/photo/201...   
9982  http://www.hongniang.com/data/upload/photo/201...   
9984   http://www.hongniang.com/public/images/woman.jpg   
9985   http://www.hongniang.com/public/images/woman.jpg   

                             6  
1     /user/member/id/10669921  
2     /user/member/id/10667177  
4     /user/member/id/10647631  
8     /user/member/id/10654006  
9     /user/member/id/10651199  
11    /user/member/id/10654584  
12    /user/member/id/10654027  
13    /user/member/id/10652966  
14    /user/member/id/10647051  
15    /user/member/id/10646936  
16    /user/member/id/10645934  
17    /user/member/id/10589442  
18    /user/member/id/10513456  
20    /user/member/id/10461053  
21    /user/member/id/10449441  
22    /user/member/id/10432997  
23    /user/member/id/10652970  
24    /user/member/id/10652796  
25    /user/member/id/10646929  
26    /user/member/id/10649391  
28    /user/member/id/10644783  
29    /user/member/id/10638747  
30    /user/member/id/10636852  
31    /user/member/id/10636686  
32    /user/member/id/10636633  
33    /user/member/id/10632996  
34    /user/member/id/10632971  
35    /user/member/id/10628735  
36    /user/member/id/10621758  
37    /user/member/id/10612800  
...                        ...  
9950  /user/member/id/10703633  
9951  /user/member/id/10703632  
9952  /user/member/id/10703631  
9953  /user/member/id/10703630  
9954  /user/member/id/10703626  
9955  /user/member/id/10703624  
9956  /user/member/id/10703619  
9957  /user/member/id/10703609  
9958  /user/member/id/10703605  
9959  /user/member/id/10703600  
9960  /user/member/id/10702826  
9961  /user/member/id/10702824  
9962  /user/member/id/10702822  
9963  /user/member/id/10702820  
9964  /user/member/id/10702817  
9965  /user/member/id/10702814  
9966    /user/member/id/300724  
9968  /user/member/id/10647616  
9969  /user/member/id/10636865  
9970  /user/member/id/10576981  
9972  /user/member/id/10497099  
9973  /user/member/id/10390022  
9974  /user/member/id/10383728  
9975  /user/member/id/10380923  
9976    /user/member/id/346189  
9978    /user/member/id/336788  
9979    /user/member/id/335790  
9982    /user/member/id/312936  
9984    /user/member/id/312125  
9985    /user/member/id/311926  

[8448 rows x 7 columns]"
4,离异单身,"          0             1    2     3      4  \
46    164cm        姊ф鑺辨捣  34岁  绂诲紓鍗曡韩 骞夸笢 骞垮窞  
48    170cm         小女人贝贝  30岁  绂诲紓鍗曡韩 骞夸笢 娣卞湷  
56    166cm         摇到外婆桥  32岁  绂诲紓鍗曡韩 骞夸笢 娣卞湷  
58    164cm       缂樿捣缂樼伃y  37岁  绂诲紓鍗曡韩 骞夸笢 骞垮窞  
59    168cm       独自品尝人生苦  26岁  绂诲紓鍗曡韩 骞夸笢 娣卞湷  
60    158cm   浼氬憳10534780  29岁  绂诲紓鍗曡韩 骞夸笢 鑼傚悕  
74    164cm       椋庨搩0329  31岁  绂诲紓鍗曡韩 骞夸笢 娣卞湷  
79    168cm           鐞獩  31岁  绂诲紓鍗曡韩 骞夸笢 娣卞湷  
89    162cm         闆跺害55  38岁  绂诲紓鍗曡韩 骞夸笢 娣卞湷  
105   165cm  鍊惧煄鏈堝厜锕嬫贰濡傛按  32岁  绂诲紓鍗曡韩 骞夸笢 骞垮窞  
130   156cm   浼氬憳10603395  24岁  绂诲紓鍗曡韩 骞夸笢 婀涙睙  
132   161cm   浼氬憳10582272  38岁  绂诲紓鍗曡韩 骞夸笢 娣卞湷  
146   170cm         有翅膀的牛  37岁  绂诲紓鍗曡韩 骞夸笢 骞垮窞  
149   167cm     娲佺櫧鐨勭櫨鍚堣姳  34岁  绂诲紓鍗曡韩 骞夸笢 涓滆帪  
151   166cm         Ymeng  33岁  绂诲紓鍗曡韩 骞夸笢 娣卞湷  
153   163cm  濂充汉涓嶇嫚鎬庤兘绔欑ǔ  32岁  绂诲紓鍗曡韩 骞夸笢 娣卞湷  
157   165cm           一抹香  33岁  绂诲紓鍗曡韩 骞夸笢 娣卞湷  
166   166cm       chununu  30岁  绂诲紓鍗曡韩 骞夸笢 娣卞湷  
167   165cm           椋庡矚  34岁  绂诲紓鍗曡韩 骞夸笢 娣卞湷  
172   160cm  bailianhua61  56岁  绂诲紓鍗曡韩 骞夸笢 娣卞湷  
176   168cm       闆ㄤ腑婕0  33岁  绂诲紓鍗曡韩 骞夸笢 骞垮窞  
180   161cm        钀界孩鍗冮噾  27岁  绂诲紓鍗曡韩 骞夸笢 娣卞湷  
182   166cm      澶忓ぉ鐨勯洩11  34岁  绂诲紓鍗曡韩 骞夸笢 骞垮窞  
183   164cm         温柔的妮妮  36岁  绂诲紓鍗曡韩 骞夸笢 娣卞湷  
186   166cm           绮辨  31岁  绂诲紓鍗曡韩 骞夸笢 骞垮窞  
196   164cm     鍩庡競涓殑鐜懓  37岁  绂诲紓鍗曡韩 骞夸笢 娣卞湷  
202   160cm           绱犺彍  37岁  绂诲紓鍗曡韩 骞夸笢 骞垮窞  
204   160cm        鏄熸湀鎯呯紭  46岁  绂诲紓鍗曡韩 骞夸笢 婀涙睙  
207   170cm  璇蜂笉瑕佽交鏄撴斁寮冭嚜宸辩殑姊︽兂 32岁  绂诲紓鍗曡韩 骞夸笢 娣卞湷  
209   166cm           娼囨檽  31岁  绂诲紓鍗曡韩 骞夸笢 娣卞湷  
...     ...          ...   ...   ...    ...   
5507  165cm           璧甸煩  44岁  绂诲紓鍗曡韩 骞夸笢 娣卞湷  
5513  160cm         天使我的爱  34岁  绂诲紓鍗曡韩 骞夸笢 娣卞湷  
5523  159cm         Balla  32岁  绂诲紓鍗曡韩 骞夸笢 娣卞湷  
5534  167cm         Siany  44岁  绂诲紓鍗曡韩 骞夸笢 浣涘北  
5566  160cm         逝去的若言  28岁  绂诲紓鍗曡韩 骞夸笢 骞垮窞  
5587  166cm           鍢夌惓  35岁  绂诲紓鍗曡韩 骞夸笢 骞垮窞  
5592  160cm           灏忕熆  36岁  绂诲紓鍗曡韩 骞夸笢 骞垮窞  
5607  160cm         QQ木紫梨  44岁  绂诲紓鍗曡韩 骞夸笢 骞垮窞  
5613  153cm           期待着  46岁  绂诲紓鍗曡韩 骞夸笢 娣卞湷  
5614  157cm        鑽烽棿鍚洦  46岁  绂诲紓鍗曡韩 骞夸笢 鎯犲窞  
5631  153cm        zza443  35岁  绂诲紓鍗曡韩 骞夸笢 涓滆帪  
5634  162cm        鍊惧惉娌夐粯  38岁  绂诲紓鍗曡韩 骞夸笢 娣卞湷  
5653  170cm           何荷叶  34岁  绂诲紓鍗曡韩 骞夸笢 娣卞湷  
5659  158cm           鐏靛瓙  50岁  绂诲紓鍗曡韩 骞夸笢 骞垮窞  
5665  162cm       鍙跺瓙cici  36岁  绂诲紓鍗曡韩 骞夸笢 娣卞湷  
5672  165cm        瀹濊礉鑾硅幑  43岁  绂诲紓鍗曡韩 骞夸笢 骞垮窞  
5706  160cm           鎱х弽  60岁  绂诲紓鍗曡韩 骞夸笢 娣卞湷  
5755  155cm         fairy  45岁  绂诲紓鍗曡韩 骞夸笢 骞垮窞  
5813  158cm        澶╄摑鑽夌ⅶ  44岁  绂诲紓鍗曡韩 骞夸笢 娣卞湷  
5818  166cm           叶小凡  46岁  绂诲紓鍗曡韩 骞夸笢 娣卞湷  
5866  170cm           猪叶子  34岁  绂诲紓鍗曡韩 骞夸笢 娣卞湷  
5869  162cm           陈慧琳  41岁  绂诲紓鍗曡韩 骞夸笢 娣卞湷  
9904  168cm           姊撶惏  36岁  绂诲紓鍗曡韩 骞夸笢 骞垮窞  
9907  153cm     浼氬憳321812  29岁  绂诲紓鍗曡韩 骞夸笢 婀涙睙  
9909  168cm           绱犲康  33岁  绂诲紓鍗曡韩 骞夸笢 娣卞湷  
9910  163cm          一米阳光  37岁  绂诲紓鍗曡韩 骞夸笢 鎯犲窞  
9925  168cm       澶╃┖寰堣摑2  32岁  绂诲紓鍗曡韩 骞夸笢 骞垮窞  
9977  168cm       钀ч泤Baby  29岁  绂诲紓鍗曡韩 骞夸笢 娣卞湷  
9980  165cm        娴呮祬瀚ｇ劧  33岁  绂诲紓鍗曡韩 骞夸笢 骞垮窞  
9983  163cm           鍐板績  39岁  绂诲紓鍗曡韩 骞夸笢 涓北  

                                                      5  \
46     http://www.hongniang.com/public/images/woman.jpg   
48    http://www.hongniang.com/data/upload/photo/201...   
56     http://www.hongniang.com/public/images/woman.jpg   
58    http://www.hongniang.com/data/upload/photo/201...   
59     http://www.hongniang.com/public/images/woman.jpg   
60    http://www.hongniang.com/data/upload/photo/201...   
74    http://www.hongniang.com/data/upload/photo/201...   
79    http://www.hongniang.com/data/upload/photo/201...   
89    http://www.hongniang.com/data/upload/photo/201...   
105   http://www.hongniang.com/data/upload/photo/201...   
130   http://www.hongniang.com/data/upload/photo/201...   
132   http://www.hongniang.com/data/upload/photo/201...   
146    http://www.hongniang.com/public/images/woman.jpg   
149    http://www.hongniang.com/public/images/woman.jpg   
151    http://www.hongniang.com/public/images/woman.jpg   
153   http://www.hongniang.com/data/upload/photo/201...   
157    http://www.hongniang.com/public/images/woman.jpg   
166    http://www.hongniang.com/public/images/woman.jpg   
167   http://www.hongniang.com/data/upload/photo/201...   
172   http://www.hongniang.com/data/upload/photo/201...   
176    http://www.hongniang.com/public/images/woman.jpg   
180   http://www.hongniang.com/data/upload/photo/201...   
182   http://www.hongniang.com/data/upload/photo/201...   
183    http://www.hongniang.com/public/images/woman.jpg   
186   http://www.hongniang.com/data/upload/photo/201...   
196   http://www.hongniang.com/data/upload/photo/201...   
202   http://www.hongniang.com/data/upload/photo/201...   
204    http://www.hongniang.com/public/images/woman.jpg   
207   http://www.hongniang.com/data/upload/photo/201...   
209   http://www.hongniang.com/data/upload/photo/201...   
...                                                 ...   
5507  http://www.hongniang.com/data/upload/photo/11/...   
5513   http://www.hongniang.com/public/images/woman.jpg   
5523  http://www.hongniang.com/data/upload/photo/11/...   
5534  http://www.hongniang.com/data/upload/photo/13/...   
5566   http://www.hongniang.com/public/images/woman.jpg   
5587  http://www.hongniang.com/data/upload/photo/88/...   
5592  http://www.hongniang.com/data/upload/photo/89/...   
5607   http://www.hongniang.com/public/images/woman.jpg   
5613  http://www.hongniang.com/data/upload/photo/10/...   
5614   http://www.hongniang.com/public/images/woman.jpg   
5631  http://www.hongniang.com/data/upload/photo/71/...   
5634  http://www.hongniang.com/data/upload/photo/72/...   
5653   http://www.hongniang.com/public/images/woman.jpg   
5659   http://www.hongniang.com/public/images/woman.jpg   
5665   http://www.hongniang.com/public/images/woman.jpg   
5672  http://www.hongniang.com/data/upload/photo/82/...   
5706   http://www.hongniang.com/public/images/woman.jpg   
5755   http://www.hongniang.com/public/images/woman.jpg   
5813  http://www.hongniang.com/data/upload/photo/96/...   
5818  http://www.hongniang.com/data/upload/photo/97/...   
5866  http://www.hongniang.com/data/upload/photo/83/...   
5869  http://www.hongniang.com/data/upload/photo/84/...   
9904  http://www.hongniang.com/data/upload/photo/201...   
9907  http://www.hongniang.com/data/upload/photo/201...   
9909  http://www.hongniang.com/data/upload/photo/201...   
9910   http://www.hongniang.com/public/images/woman.jpg   
9925   http://www.hongniang.com/public/images/woman.jpg   
9977  http://www.hongniang.com/data/upload/photo/201...   
9980  http://www.hongniang.com/data/upload/photo/201...   
9983   http://www.hongniang.com/public/images/woman.jpg   

                             6  
46      /user/member/id/309670  
48      /user/member/id/309660  
56      /user/member/id/309512  
58      /user/member/id/309494  
59      /user/member/id/309469  
60    /user/member/id/10534780  
74      /user/member/id/310641  
79      /user/member/id/310546  
89    /user/member/id/10547380  
105   /user/member/id/10421702  
130   /user/member/id/10603395  
132   /user/member/id/10582272  
146     /user/member/id/306606  
149     /user/member/id/306580  
151     /user/member/id/306531  
153     /user/member/id/306487  
157     /user/member/id/306443  
166     /user/member/id/304806  
167     /user/member/id/304804  
172     /user/member/id/304677  
176     /user/member/id/304371  
180     /user/member/id/305589  
182     /user/member/id/305576  
183     /user/member/id/305562  
186     /user/member/id/305477  
196     /user/member/id/305067  
202     /user/member/id/306311  
204     /user/member/id/306278  
207     /user/member/id/306248  
209     /user/member/id/306239  
...                        ...  
5507    /user/member/id/111167  
5513    /user/member/id/112798  
5523    /user/member/id/115480  
5534    /user/member/id/132971  
5566    /user/member/id/115784  
5587     /user/member/id/88652  
5592     /user/member/id/89967  
5607    /user/member/id/100758  
5613    /user/member/id/101839  
5614    /user/member/id/101881  
5631     /user/member/id/71606  
5634     /user/member/id/72015  
5653     /user/member/id/87735  
5659     /user/member/id/88487  
5665     /user/member/id/88602  
5672     /user/member/id/82022  
5706     /user/member/id/92133  
5755     /user/member/id/37244  
5813     /user/member/id/96638  
5818     /user/member/id/97453  
5866     /user/member/id/83756  
5869     /user/member/id/84463  
9904  /user/member/id/10503314  
9907    /user/member/id/321812  
9909    /user/member/id/313686  
9910    /user/member/id/312069  
9925    /user/member/id/310359  
9977    /user/member/id/342863  
9980    /user/member/id/327094  
9983    /user/member/id/312162  

[695 rows x 7 columns]"
5,离异带孩子,"          0            1    2      3      4  \
0       NaN          璐ゅ効  26岁  离异带孩子  骞夸笢 骞垮窞  
3       NaN         elim  41岁  离异带孩子  骞夸笢 娣卞湷  
5     167cm          封心梦  37岁  离异带孩子  骞夸笢 娣卞湷  
6     167cm          释怀1  37岁  离异带孩子  骞夸笢 娣卞湷  
7     161cm        一叶知秋′  33岁  离异带孩子  骞夸笢 骞垮窞  
10    172cm  Sunshine170  50岁  离异带孩子  骞夸笢 涓北  
19    163cm        A一缕墨香  34岁  离异带孩子  骞夸笢 骞垮窞  
27    168cm       浠佸拰鏈杽  51岁  离异带孩子  骞夸笢 娣卞湷  
43    165cm  涓嬩竴绔欏垢绂廲ool  31岁  离异带孩子  骞夸笢 浣涘北  
47    162cm      濠夊効2016  43岁  离异带孩子  骞夸笢 娣卞湷  
54    157cm       蹇冪殑绁堢シ  40岁  离异带孩子  骞夸笢 骞垮窞  
55    162cm          闆呴潚  33岁  离异带孩子  骞夸笢 骞垮窞  
61    158cm  浼氬憳10534737  40岁  离异带孩子  骞夸笢 婀涙睙  
62    164cm          姊﹀煄  37岁  离异带孩子  骞夸笢 娣卞湷  
76    172cm          丁雨欣  34岁  离异带孩子  骞夸笢 鐝犳捣  
77    167cm         濡傜儫1  34岁  离异带孩子  骞夸笢 骞垮窞  
98    160cm       鑺遍铦惰惤  35岁  离异带孩子  骞夸笢 娣卞湷  
145   156cm     Lisadeng  43岁  离异带孩子  骞夸笢 骞垮窞  
159   158cm         缁挎床1  39岁  离异带孩子  骞夸笢 娣卞湷  
165   166cm        鍙跺瓙ye  36岁  离异带孩子  骞夸笢 鎯犲窞  
169   165cm       鑻︽订浜虹敓  31岁  离异带孩子  骞夸笢 娣卞湷  
190   167cm       浼翠綘鐪嬫捣  33岁  离异带孩子  骞夸笢 娣卞湷  
191   160cm          鏋楁収  30岁  离异带孩子  骞夸笢 浣涘北  
192   168cm         a鐞崇惓  32岁  离异带孩子  骞夸笢 娣卞湷  
203   165cm       绻佹槦娴佸姩  34岁  离异带孩子  骞夸笢 鐝犳捣  
216   163cm      鑱嗗惉椋庨洦1  32岁  离异带孩子  骞夸笢 娣卞湷  
238   164cm       闅忛绂诲幓  32岁  离异带孩子  骞夸笢 闃虫睙  
241   166cm          吴斯洵  33岁  离异带孩子  骞夸笢 姹曞ご  
243   168cm      FIFI灏忛奔  29岁  离异带孩子  骞夸笢 娣卞湷  
245   163cm      鏉ㄧ帀qing  32岁  离异带孩子  骞夸笢 娣卞湷  
...     ...         ...   ...    ...    ...   
5449  168cm       AMENDA  36岁  离异带孩子  骞夸笢 骞垮窞  
5466  162cm          鑺辫  31岁  离异带孩子  骞夸笢 娣卞湷  
5471  158cm          涓囩幉  47岁  离异带孩子  骞夸笢 鐝犳捣  
5533  155cm         偷看一眼  52岁  离异带孩子  骞夸笢 骞垮窞  
5540  165cm          ai情  48岁  离异带孩子  骞夸笢 鐝犳捣  
5548  160cm    sweetdate  63岁  离异带孩子  骞夸笢 骞垮窞  
5561  170cm       watery  44岁  离异带孩子  骞夸笢 娣卞湷  
5568  158cm          濠曠澘  59岁  离异带孩子  骞夸笢 娣卞湷  
5573  156cm         suzy  34岁  离异带孩子  骞夸笢 涓滆帪  
5595  160cm      不再让错误延续  40岁  离异带孩子  骞夸笢 娌虫簮  
5624  165cm          灏忕  49岁  离异带孩子  骞夸笢 浣涘北  
5642  160cm          闆ㄦ淮  49岁  离异带孩子  骞夸笢 娣卞湷  
5647  162cm       鑷敱闆ㄦ  35岁  离异带孩子  骞夸笢 鎯犲窞  
5651  158cm      灏忎竵1221  46岁  离异带孩子  骞夸笢 骞垮窞  
5667  164cm    wenxin100  61岁  离异带孩子  骞夸笢 鐝犳捣  
5713  160cm       鍖楁柟鐨勯洩  46岁  离异带孩子  骞夸笢 骞垮窞  
5720  157cm          工夫茶  41岁  离异带孩子  骞夸笢 娼窞  
5748  161cm          fay  50岁  离异带孩子  骞夸笢 骞垮窞  
5750  160cm            梅  51岁  离异带孩子  骞夸笢 娣卞湷  
5753  158cm          鐢扮敯  53岁  离异带孩子  骞夸笢 娣卞湷  
5757  165cm          红菡萏  41岁  离异带孩子  骞夸笢 鎯犲窞  
5761  163cm       hz0571  42岁  离异带孩子  骞夸笢 骞垮窞  
5764  162cm       骞婚洩铦惰垶  44岁  离异带孩子  骞夸笢 娣卞湷  
5774  158cm       鍗佸勾濡傛ⅵ  42岁  离异带孩子  骞夸笢 娣卞湷  
5812  158cm       闃冲厜濂充汉  48岁  离异带孩子  骞夸笢 娣卞湷  
5868  155cm          姘磋摑  45岁  离异带孩子  骞夸笢 涓滆帪  
9901  157cm  浼氬憳10564603  31岁  离异带孩子  骞夸笢 涓北  
9967  156cm   jyq6537闃跨惔  52岁  离异带孩子  骞夸笢 骞垮窞  
9971  164cm  浼氬憳10563145  38岁  离异带孩子  骞夸笢 娣卞湷  
9981  163cm          绱悰  33岁  离异带孩子  骞夸笢 娣卞湷  

                                                      5  \
0     http://www.hongniang.com/data/upload/photo/201...   
3     http://www.hongniang.com/data/upload/photo/201...   
5     http://www.hongniang.com/data/upload/photo/201...   
6     http://www.hongniang.com/data/upload/photo/201...   
7     http://www.hongniang.com/data/upload/photo/201...   
10    http://www.hongniang.com/data/upload/photo/201...   
19    http://www.hongniang.com/data/upload/photo/201...   
27    http://www.hongniang.com/data/upload/photo/201...   
43     http://www.hongniang.com/public/images/woman.jpg   
47    http://www.hongniang.com/data/upload/photo/201...   
54    http://www.hongniang.com/data/upload/photo/201...   
55     http://www.hongniang.com/public/images/woman.jpg   
61    http://www.hongniang.com/data/upload/photo/201...   
62    http://www.hongniang.com/data/upload/photo/201...   
76     http://www.hongniang.com/public/images/woman.jpg   
77    http://www.hongniang.com/data/upload/photo/201...   
98    http://www.hongniang.com/data/upload/photo/201...   
145   http://www.hongniang.com/data/upload/photo/201...   
159    http://www.hongniang.com/public/images/woman.jpg   
165    http://www.hongniang.com/public/images/woman.jpg   
169    http://www.hongniang.com/public/images/woman.jpg   
190   http://www.hongniang.com/data/upload/photo/201...   
191   http://www.hongniang.com/data/upload/photo/201...   
192    http://www.hongniang.com/public/images/woman.jpg   
203   http://www.hongniang.com/data/upload/photo/201...   
216   http://www.hongniang.com/data/upload/photo/201...   
238   http://www.hongniang.com/data/upload/photo/201...   
241    http://www.hongniang.com/public/images/woman.jpg   
243    http://www.hongniang.com/public/images/woman.jpg   
245   http://www.hongniang.com/data/upload/photo/201...   
...                                                 ...   
5449   http://www.hongniang.com/public/images/woman.jpg   
5466   http://www.hongniang.com/public/images/woman.jpg   
5471   http://www.hongniang.com/public/images/woman.jpg   
5533  http://www.hongniang.com/data/upload/photo/13/...   
5540   http://www.hongniang.com/public/images/woman.jpg   
5548   http://www.hongniang.com/public/images/woman.jpg   
5561   http://www.hongniang.com/public/images/woman.jpg   
5568   http://www.hongniang.com/public/images/woman.jpg   
5573  http://www.hongniang.com/data/upload/photo/11/...   
5595   http://www.hongniang.com/public/images/woman.jpg   
5624  http://www.hongniang.com/data/upload/photo/10/...   
5642  http://www.hongniang.com/data/upload/photo/80/...   
5647   http://www.hongniang.com/public/images/woman.jpg   
5651   http://www.hongniang.com/public/images/woman.jpg   
5667   http://www.hongniang.com/public/images/woman.jpg   
5713   http://www.hongniang.com/public/images/woman.jpg   
5720   http://www.hongniang.com/public/images/woman.jpg   
5748   http://www.hongniang.com/public/images/woman.jpg   
5750   http://www.hongniang.com/public/images/woman.jpg   
5753   http://www.hongniang.com/public/images/woman.jpg   
5757   http://www.hongniang.com/public/images/woman.jpg   
5761  http://www.hongniang.com/data/upload/photo/46/...   
5764   http://www.hongniang.com/public/images/woman.jpg   
5774   http://www.hongniang.com/public/images/woman.jpg   
5812  http://www.hongniang.com/data/upload/photo/96/...   
5868   http://www.hongniang.com/public/images/woman.jpg   
9901  http://www.hongniang.com/data/upload/photo/201...   
9967   http://www.hongniang.com/public/images/woman.jpg   
9971  http://www.hongniang.com/data/upload/photo/201...   
9981  http://www.hongniang.com/data/upload/photo/201...   

                             6  
0     /user/member/id/10684059  
3     /user/member/id/10662279  
5     /user/member/id/10657584  
6     /user/member/id/10657526  
7     /user/member/id/10656851  
10    /user/member/id/10657320  
19    /user/member/id/10482873  
27    /user/member/id/10645320  
43      /user/member/id/310021  
47      /user/member/id/309662  
54      /user/member/id/309570  
55      /user/member/id/309518  
61    /user/member/id/10534737  
62    /user/member/id/10513160  
76      /user/member/id/310581  
77      /user/member/id/310575  
98    /user/member/id/10452339  
145     /user/member/id/306715  
159     /user/member/id/306354  
165     /user/member/id/304808  
169     /user/member/id/304800  
190     /user/member/id/305249  
191     /user/member/id/305222  
192     /user/member/id/305221  
203     /user/member/id/306307  
216     /user/member/id/305713  
238     /user/member/id/306887  
241     /user/member/id/309044  
243     /user/member/id/309031  
245     /user/member/id/309029  
...                        ...  
5449    /user/member/id/123068  
5466    /user/member/id/102748  
5471    /user/member/id/103368  
5533    /user/member/id/132128  
5540    /user/member/id/135179  
5548     /user/member/id/98834  
5561    /user/member/id/100347  
5568    /user/member/id/116222  
5573    /user/member/id/118063  
5595     /user/member/id/90187  
5624    /user/member/id/102656  
5642     /user/member/id/80613  
5647     /user/member/id/86984  
5651     /user/member/id/87685  
5667     /user/member/id/81189  
5713     /user/member/id/93173  
5720     /user/member/id/94940  
5748     /user/member/id/29739  
5750     /user/member/id/31155  
5753     /user/member/id/33105  
5757     /user/member/id/39546  
5761     /user/member/id/46337  
5764     /user/member/id/47343  
5774     /user/member/id/67104  
5812     /user/member/id/96597  
5868     /user/member/id/84419  
9901  /user/member/id/10564603  
9967    /user/member/id/237745  
9971  /user/member/id/10563145  
9981    /user/member/id/313139  

[445 rows x 7 columns]"
